{
  "mae": 6.842133333333376,
  "rmse": 10.303189181205207,
  "r2": 0.5213665562782068,
  "n_train": 58,
  "n_test": 15,
  "cv_mae_mean": 6.8016561904761925,
  "cv_rmse_mean": 8.986961745076833,
  "cv_r2_mean": 0.7246352806335493,
  "eval_mae": 3.328429223744305,
  "eval_rmse": 5.4567332888545,
  "eval_r2": 0.9077208910491883,
  "n_samples": 73
}